Feature ID,Area,User story,Expected behavior,Status,Verification evidence,Open issue
AUTH-01,Landing,"As a visitor, I can understand Liftosaurus and begin sign-in.","The landing page exposes the marketing headline and a Sign in menu with GitHub.",Verified,"Playwright tests/home.spec.ts: 3/3 passed after current-label contract update.",""
AUTH-02,Authentication,"As an eligible user, I can sign in with GitHub or the enabled agent test account.","Provider selection starts authentication and returns to the current route after sign-in.",Needs verification,"Implemented in LoginProviderMenu.svelte; no dedicated successful-provider browser run.","Requires provider callback test environment."
DASH-01,Dashboard,"As a signed-in user, I can view today's workout and start a planned or unplanned workout.","Dashboard displays workout state and offers the appropriate start action.",Verified,"Dashboard auth and metrics unit coverage passed (130/130 unit suite).",""
DASH-02,Dashboard,"As a user, I can inspect bodyweight and performance metrics.","Metrics use my data only, calculate configured trends, and render chart states safely.",Verified,"Dashboard unit coverage passed; first browser suite included dashboard coverage with no failure artifact.",""
WORKOUT-01,Start workout,"As a user, I can start a workout with bodyweight and the appropriate mesocycle day.","Start flow validates bodyweight, handles rest/skipped days, and preserves an active draft safely.",Verified,"Full Playwright suite passed 73/73, including mobile start and mesocycle workout starts.",""
WORKOUT-02,Exercise logging,"As a user, I can log weights, reps, and RIR for each set.","Set completion persists values, supports all set types, and keeps a shared exercise-level RIR control.",Verified,"Full Playwright suite passed 73/73; all-set-types logging and exercise-level RIR fixtures passed.",""
WORKOUT-03,Exercise logging,"As a user, I can add, remove, edit, reorder, and compare exercises during a workout.","Exercise actions update the active draft without losing completed-set data.",Verified,"Full Playwright suite passed 73/73, including exercise editing, deletion, comparison, and deload flows.",""
WORKOUT-04,Finish workout,"As a user, I can finish a workout only after all required sets are complete.","The exercise area scrolls independently; a single Finish workout action appears when all sets are complete.",Verified,"Full Playwright suite passed 73/73 with the single Finish workout transition.",""
WORKOUT-05,Workout overview,"As a user, I can review and save a completed workout.","Overview validates bodyweight and persists a new or edited workout atomically.",Verified,"Full Playwright suite passed 73/73; create and edit overview saves passed.",""
WORKOUT-06,Workout history,"As a user, I can browse, filter, inspect, edit, and delete completed workouts.","History is scoped to my account and edits never overwrite another user's workout.",Verified,"Full Playwright suite passed 73/73, including workout model and edit-security cases.",""
WORKOUT-07,Draft resilience,"As a user, I can resume a draft across reloads and tabs without exposing it to another account.","Active and edit drafts are isolated, versioned, and fail closed when storage locks are unavailable.",Verified,"Full Playwright suite passed 73/73; all 10 cross-tab draft cases passed.",""
SPLIT-01,Exercise splits,"As a user, I can create an exercise split from scratch.","Structure validation requires unique workout names and each day has exercises before save.",Verified,"Full Playwright suite passed 73/73; exercise split creation passed.",""
SPLIT-02,Templates,"As a user, I can create a split from a provided template.","Template creates editable days and exercises, then returns to the split library.",Verified,"Full Playwright suite passed 73/73; template and clone cases passed.",""
SPLIT-03,Split management,"As a user, I can clone, edit, delete, export, and import exercise splits.","Operations preserve ordering, validate imported data, and scope data to my account.",Verified,"Full Playwright suite passed 73/73; split model and export coverage passed.",""
MESO-01,Mesocycle creation,"As a user, I can create a mesocycle from an exercise split.","Wizard requires basic settings, a split, valid volume inputs for active muscle groups, and then saves the mesocycle.",Verified,"Focused Playwright creation test passed with session-capable database connection and adaptive volume fixture.",""
MESO-02,Mesocycle lifecycle,"As a user, I can edit, start, stop, delete, and complete a mesocycle.","Lifecycle actions preserve ownership, update active state, and retain historical data.",Verified,"Full Playwright suite passed 73/73; all 8 mesocycle model cases passed.",""
MESO-03,Mesocycle split,"As a user, I can edit or extract a mesocycle's exercise split before workouts lock structural changes.","Exercise edits persist; structural changes are disallowed after workouts are added; extraction creates a standalone split.",Verified,"Full Playwright suite passed 73/73; split edit, lock, and extraction cases passed.",""
MESO-04,Progression,"As a user, I can choose reps-first or load-first progression and configure RIR, adaptive ranges, and set changes.","Preferences are inherited correctly and progression stays within valid rep/load bounds.",Verified,"Progression, adaptive-range, and preference unit tests passed.",""
DELOAD-01,Manual deload,"As a user, I can deload an exercise or muscle group without corrupting normal progression.","Deload targets are halved correctly, exclusions remain monotonic after completed sets, and comparison excludes deloads.",Verified,"Full Playwright suite passed 73/73; all 8 manual-deload cases and related unit cases passed.",""
STATS-01,Exercise statistics,"As a user, I can browse exercise performance cards and complete progression chart history.","Cards paginate independently from chart history and chart filters preserve data integrity.",Verified,"Full Playwright suite passed 73/73; all 12 exercise-statistics cases passed.",""
STATS-02,Historical muscle groups,"As a user, I can correct a historical exercise muscle group.","Exact-name history is updated only for my account; built-in and custom values are validated.",Verified,"Exercise muscle-group unit coverage passed and no first-pass failure artifact targets this path.",""
EXPORT-01,Data export,"As a user, I can download owner-only JSON and CSV backups.","Exports are authenticated, include completed data, use safe CSV escaping, and neutralize formula injection.",Verified,"Data export unit tests passed; endpoint browser coverage has no first-pass failure artifact.",""
PROFILE-01,Profile,"As a user, I can view profile activity and run supported data migration.","Profile is authenticated, displays activity, and migration reports success or errors.",Needs verification,"Route implementation inspected; no dedicated browser story.","Add authenticated profile user-story coverage."
SETTINGS-01,Settings,"As a user, I can manage notifications, quotes, and data export preferences.","Settings updates persist, notification permission/errors are visible, and downloads are available.",Needs verification,"Route implementation inspected; no dedicated browser story.","Add settings user-story coverage."
PWA-01,Offline and updates,"As a returning user, I can recover from a failed update and continue with drafts intact.","PWA update flow detects broken stylesheets, activates a waiting worker, and preserves draft storage.",Verified,"PWA recovery/update unit tests passed.",""
MOBILE-01,Mobile layout,"As a mobile user, I can use a fixed navigation bar and scroll only the workout exercise area.","Navigation remains visible, outer workout frame is fixed, and safe-area spacing avoids clipped actions.",Verified,"Full Playwright suite passed 73/73, including dashboard and workout-start mobile geometry.",""
SECURITY-01,Authorization,"As a user, I cannot read, modify, export, or delete another user's workouts or data.","All server operations are account-scoped and reject anonymous or cross-user requests.",Verified,"Workout edit security, dashboard auth, and export unit/browser coverage passed in available baseline.",""
